REM INSERTING into SITE_ADMIN_AREA_REL_TBL
SET DEFINE OFF;
Insert into SITE_ADMIN_AREA_REL_TBL (SITE_ADMIN_AREA_REL_ID,SITE_ID,ADMIN_AREA_ID,STATUS) values ('c59d6808-9869-44ef-8245-e622740b8cd8','E281867E-CADF-4143-AAA9-12C2E01D7C44','BBD5BC7A-50F2-4AB3-BE96-E284AC2E4607','ACTIVE');
Insert into SITE_ADMIN_AREA_REL_TBL (SITE_ADMIN_AREA_REL_ID,SITE_ID,ADMIN_AREA_ID,STATUS) values ('8a3421e9-8746-4637-99cb-0a324c40777f','E281867E-CADF-4143-AAA9-12C2E01D7C44','5B5EA257-4E04-426C-B446-D95AB6567BBF','ACTIVE');
Insert into SITE_ADMIN_AREA_REL_TBL (SITE_ADMIN_AREA_REL_ID,SITE_ID,ADMIN_AREA_ID,STATUS) values ('a8d5bbdb-c194-4176-9833-da2927f4cd85','828E7378-08EE-4AA6-9836-B2810E12B364','F9CA9483-E8EA-4F70-A86D-0B40D29DBC83','ACTIVE');
Insert into SITE_ADMIN_AREA_REL_TBL (SITE_ADMIN_AREA_REL_ID,SITE_ID,ADMIN_AREA_ID,STATUS) values ('057950f2-83c2-42a2-adb8-9ce183b9e724','828E7378-08EE-4AA6-9836-B2810E12B364','C5C19E16-688F-43E1-B472-C2E7D6E8DCA6','ACTIVE');
Insert into SITE_ADMIN_AREA_REL_TBL (SITE_ADMIN_AREA_REL_ID,SITE_ID,ADMIN_AREA_ID,STATUS) values ('78426999-f9d3-439e-a89b-77d2950e3a4a','F62AF1BF-A84B-4DB1-9868-A7C1B4B2FE8A','A9860868-D847-4FBA-97DF-3462E521C76B','ACTIVE');

REM INSERTING into ADMIN_AREA_PROJECT_REL_TBL
SET DEFINE OFF;
Insert into ADMIN_AREA_PROJECT_REL_TBL (ADMIN_AREA_PROJECT_REL_ID,SITE_ADMIN_AREA_REL_ID,PROJECT_ID,STATUS) values ('d317f43d-eb7b-4435-a314-df2df5f22dde','c59d6808-9869-44ef-8245-e622740b8cd8','3FF595F9-6B62-4B9E-BB2C-4EE858855A97','ACTIVE');
Insert into ADMIN_AREA_PROJECT_REL_TBL (ADMIN_AREA_PROJECT_REL_ID,SITE_ADMIN_AREA_REL_ID,PROJECT_ID,STATUS) values ('477458d7-8ee2-439d-9cfb-715e006ba09b','c59d6808-9869-44ef-8245-e622740b8cd8','3A7F72FA-D251-43E6-9A46-2A3F6A328D59','ACTIVE');
Insert into ADMIN_AREA_PROJECT_REL_TBL (ADMIN_AREA_PROJECT_REL_ID,SITE_ADMIN_AREA_REL_ID,PROJECT_ID,STATUS) values ('fb768f88-d29f-4089-a93a-7af2fa794676','c59d6808-9869-44ef-8245-e622740b8cd8','E70378BB-DA07-43C0-8DDB-EDFB3E2CA65C','ACTIVE');
Insert into ADMIN_AREA_PROJECT_REL_TBL (ADMIN_AREA_PROJECT_REL_ID,SITE_ADMIN_AREA_REL_ID,PROJECT_ID,STATUS) values ('a16e09bc-0adf-43f7-9e0f-dc1688e7e766','c59d6808-9869-44ef-8245-e622740b8cd8','9A5ACCC2-0157-484E-B16B-59A82D4512BF','ACTIVE');
Insert into ADMIN_AREA_PROJECT_REL_TBL (ADMIN_AREA_PROJECT_REL_ID,SITE_ADMIN_AREA_REL_ID,PROJECT_ID,STATUS) values ('5f1d713c-5aaa-46c4-92ca-4d8d62036acb','8a3421e9-8746-4637-99cb-0a324c40777f','B8669DD1-F137-4915-9E7A-51EBBCD099F6','ACTIVE');
Insert into ADMIN_AREA_PROJECT_REL_TBL (ADMIN_AREA_PROJECT_REL_ID,SITE_ADMIN_AREA_REL_ID,PROJECT_ID,STATUS) values ('c1ac9686-fb58-493e-86de-4dc43caa9a0a','8a3421e9-8746-4637-99cb-0a324c40777f','5A8677A6-0C90-4666-BF03-5E2BC15E2137','ACTIVE');
Insert into ADMIN_AREA_PROJECT_REL_TBL (ADMIN_AREA_PROJECT_REL_ID,SITE_ADMIN_AREA_REL_ID,PROJECT_ID,STATUS) values ('f9e2e9b9-daf7-4bff-ab2f-f4cbc1171b96','8a3421e9-8746-4637-99cb-0a324c40777f','69D5AE60-4502-48BD-AF89-FAA360426B2B','ACTIVE');
Insert into ADMIN_AREA_PROJECT_REL_TBL (ADMIN_AREA_PROJECT_REL_ID,SITE_ADMIN_AREA_REL_ID,PROJECT_ID,STATUS) values ('b8c1ab62-f2a8-4a8b-a5c5-30a0103802da','78426999-f9d3-439e-a89b-77d2950e3a4a','A891BA09-5FD8-4195-AF81-26A047D56C8F','ACTIVE');
Insert into ADMIN_AREA_PROJECT_REL_TBL (ADMIN_AREA_PROJECT_REL_ID,SITE_ADMIN_AREA_REL_ID,PROJECT_ID,STATUS) values ('f6e0647f-9505-43f6-b6a1-3e0432c3cdd8','78426999-f9d3-439e-a89b-77d2950e3a4a','026D6E0F-9B48-4830-88F1-E21FCEB30800','ACTIVE');
Insert into ADMIN_AREA_PROJECT_REL_TBL (ADMIN_AREA_PROJECT_REL_ID,SITE_ADMIN_AREA_REL_ID,PROJECT_ID,STATUS) values ('6d73f0b7-09d4-4294-ba77-feaaa617037f','057950f2-83c2-42a2-adb8-9ce183b9e724','A891BA09-5FD8-4195-AF81-26A047D56C8F','ACTIVE');
Insert into ADMIN_AREA_PROJECT_REL_TBL (ADMIN_AREA_PROJECT_REL_ID,SITE_ADMIN_AREA_REL_ID,PROJECT_ID,STATUS) values ('f0d82f01-d67b-462f-820f-993573410ac5','057950f2-83c2-42a2-adb8-9ce183b9e724','10A73124-31EA-4922-8CB0-E163DD712E7C','ACTIVE');
Insert into ADMIN_AREA_PROJECT_REL_TBL (ADMIN_AREA_PROJECT_REL_ID,SITE_ADMIN_AREA_REL_ID,PROJECT_ID,STATUS) values ('7f8a6b79-0206-4b6f-802c-9eb61ec6162f','a8d5bbdb-c194-4176-9833-da2927f4cd85','891A8A3F-86C8-4374-91F0-3690381EBAC8','ACTIVE');
Insert into ADMIN_AREA_PROJECT_REL_TBL (ADMIN_AREA_PROJECT_REL_ID,SITE_ADMIN_AREA_REL_ID,PROJECT_ID,STATUS) values ('5e3244c5-7603-459b-99cd-31acaa019819','a8d5bbdb-c194-4176-9833-da2927f4cd85','6AB23FB8-6E7D-4269-9887-E2050F3E424B','ACTIVE');
Insert into ADMIN_AREA_PROJECT_REL_TBL (ADMIN_AREA_PROJECT_REL_ID,SITE_ADMIN_AREA_REL_ID,PROJECT_ID,STATUS) values ('6031edbc-afa8-4733-870a-1a1335953299','057950f2-83c2-42a2-adb8-9ce183b9e724','9A5ACCC2-0157-484E-B16B-59A82D4512BF','ACTIVE');
Insert into ADMIN_AREA_PROJECT_REL_TBL (ADMIN_AREA_PROJECT_REL_ID,SITE_ADMIN_AREA_REL_ID,PROJECT_ID,STATUS) values ('4a0a19ff-a694-479f-b016-6007bc9bb3ef','a8d5bbdb-c194-4176-9833-da2927f4cd85','E70378BB-DA07-43C0-8DDB-EDFB3E2CA65C','ACTIVE');

REM INSERTING into ADMIN_AREA_PROJ_APP_REL_TBL
SET DEFINE OFF;
Insert into ADMIN_AREA_PROJ_APP_REL_TBL (ADMIN_AREA_PROJ_APP_REL_ID,ADMIN_AREA_PROJECT_REL_ID,PROJECT_APPLICATION_ID,STATUS,REL_TYPE) values ('bc010817-f623-40b6-8eb4-e4ba0d08c258','d317f43d-eb7b-4435-a314-df2df5f22dde','784012e5-3331-4df3-aa05-f27b83a68187','ACTIVE','NOTFIXED');
Insert into ADMIN_AREA_PROJ_APP_REL_TBL (ADMIN_AREA_PROJ_APP_REL_ID,ADMIN_AREA_PROJECT_REL_ID,PROJECT_APPLICATION_ID,STATUS,REL_TYPE) values ('a16c17c2-aa17-45a4-bc5f-7211edbce020','d317f43d-eb7b-4435-a314-df2df5f22dde','c00dc0cc-570b-4438-9734-d21cd6a3b141','ACTIVE','FIXED');
Insert into ADMIN_AREA_PROJ_APP_REL_TBL (ADMIN_AREA_PROJ_APP_REL_ID,ADMIN_AREA_PROJECT_REL_ID,PROJECT_APPLICATION_ID,STATUS,REL_TYPE) values ('d6cace94-da25-4ba0-94ff-4b227f6d1ff2','d317f43d-eb7b-4435-a314-df2df5f22dde','950303ab-960e-4309-a58a-7ebb3c57a8d2','ACTIVE','FIXED');
Insert into ADMIN_AREA_PROJ_APP_REL_TBL (ADMIN_AREA_PROJ_APP_REL_ID,ADMIN_AREA_PROJECT_REL_ID,PROJECT_APPLICATION_ID,STATUS,REL_TYPE) values ('7a7aed2d-9e91-48b7-adf3-26a54943cf51','d317f43d-eb7b-4435-a314-df2df5f22dde','d6a5b8f1-e397-489d-8e11-29a70a02278a','ACTIVE','NOTFIXED');
Insert into ADMIN_AREA_PROJ_APP_REL_TBL (ADMIN_AREA_PROJ_APP_REL_ID,ADMIN_AREA_PROJECT_REL_ID,PROJECT_APPLICATION_ID,STATUS,REL_TYPE) values ('e44f572c-4223-44a1-acee-2308490cb011','d317f43d-eb7b-4435-a314-df2df5f22dde','a9817536-a853-4369-b76b-b99072634d41','ACTIVE','PROTECTED');
Insert into ADMIN_AREA_PROJ_APP_REL_TBL (ADMIN_AREA_PROJ_APP_REL_ID,ADMIN_AREA_PROJECT_REL_ID,PROJECT_APPLICATION_ID,STATUS,REL_TYPE) values ('0985c1af-c02b-4422-8cea-f3dff6d8f58d','d317f43d-eb7b-4435-a314-df2df5f22dde','f8433dd6-5b17-4b5f-ba3c-82d05888b7c7','ACTIVE','PROTECTED');
Insert into ADMIN_AREA_PROJ_APP_REL_TBL (ADMIN_AREA_PROJ_APP_REL_ID,ADMIN_AREA_PROJECT_REL_ID,PROJECT_APPLICATION_ID,STATUS,REL_TYPE) values ('aca9865c-5fdb-4fd5-9b99-22004b20c8e7','477458d7-8ee2-439d-9cfb-715e006ba09b','a9817536-a853-4369-b76b-b99072634d41','ACTIVE','NOTFIXED');
Insert into ADMIN_AREA_PROJ_APP_REL_TBL (ADMIN_AREA_PROJ_APP_REL_ID,ADMIN_AREA_PROJECT_REL_ID,PROJECT_APPLICATION_ID,STATUS,REL_TYPE) values ('726af62f-b56f-431c-8452-18317fbf6436','477458d7-8ee2-439d-9cfb-715e006ba09b','f8433dd6-5b17-4b5f-ba3c-82d05888b7c7','ACTIVE','NOTFIXED');
Insert into ADMIN_AREA_PROJ_APP_REL_TBL (ADMIN_AREA_PROJ_APP_REL_ID,ADMIN_AREA_PROJECT_REL_ID,PROJECT_APPLICATION_ID,STATUS,REL_TYPE) values ('6e2e010b-dfd2-4bb4-8b0e-3bdbbf51f314','477458d7-8ee2-439d-9cfb-715e006ba09b','d6a5b8f1-e397-489d-8e11-29a70a02278a','ACTIVE','FIXED');
Insert into ADMIN_AREA_PROJ_APP_REL_TBL (ADMIN_AREA_PROJ_APP_REL_ID,ADMIN_AREA_PROJECT_REL_ID,PROJECT_APPLICATION_ID,STATUS,REL_TYPE) values ('15145210-452c-4776-afaa-f2f891f98057','477458d7-8ee2-439d-9cfb-715e006ba09b','fb92e86a-7e73-4f2d-8c70-77264214591c','ACTIVE','FIXED');
Insert into ADMIN_AREA_PROJ_APP_REL_TBL (ADMIN_AREA_PROJ_APP_REL_ID,ADMIN_AREA_PROJECT_REL_ID,PROJECT_APPLICATION_ID,STATUS,REL_TYPE) values ('1fc1236d-fc26-4637-8439-ceb8401e562a','477458d7-8ee2-439d-9cfb-715e006ba09b','c00dc0cc-570b-4438-9734-d21cd6a3b141','ACTIVE','PROTECTED');
Insert into ADMIN_AREA_PROJ_APP_REL_TBL (ADMIN_AREA_PROJ_APP_REL_ID,ADMIN_AREA_PROJECT_REL_ID,PROJECT_APPLICATION_ID,STATUS,REL_TYPE) values ('c8a38648-c136-4b0d-8639-a17c67fb1fb4','477458d7-8ee2-439d-9cfb-715e006ba09b','950303ab-960e-4309-a58a-7ebb3c57a8d2','ACTIVE','PROTECTED');
Insert into ADMIN_AREA_PROJ_APP_REL_TBL (ADMIN_AREA_PROJ_APP_REL_ID,ADMIN_AREA_PROJECT_REL_ID,PROJECT_APPLICATION_ID,STATUS,REL_TYPE) values ('cf66bf3e-c765-4ca4-add8-926140fb9e87','fb768f88-d29f-4089-a93a-7af2fa794676','784012e5-3331-4df3-aa05-f27b83a68187','ACTIVE','NOTFIXED');
Insert into ADMIN_AREA_PROJ_APP_REL_TBL (ADMIN_AREA_PROJ_APP_REL_ID,ADMIN_AREA_PROJECT_REL_ID,PROJECT_APPLICATION_ID,STATUS,REL_TYPE) values ('e2117fe0-0efd-4b80-a1cb-72841a4810ea','fb768f88-d29f-4089-a93a-7af2fa794676','7842bce6-ddc1-4b3c-ab36-b574751fce56','ACTIVE','NOTFIXED');
Insert into ADMIN_AREA_PROJ_APP_REL_TBL (ADMIN_AREA_PROJ_APP_REL_ID,ADMIN_AREA_PROJECT_REL_ID,PROJECT_APPLICATION_ID,STATUS,REL_TYPE) values ('0630d76b-8a3e-4202-ac37-ec4ac4ec1555','fb768f88-d29f-4089-a93a-7af2fa794676','c00dc0cc-570b-4438-9734-d21cd6a3b141','ACTIVE','FIXED');
Insert into ADMIN_AREA_PROJ_APP_REL_TBL (ADMIN_AREA_PROJ_APP_REL_ID,ADMIN_AREA_PROJECT_REL_ID,PROJECT_APPLICATION_ID,STATUS,REL_TYPE) values ('f160a557-2590-4bde-8746-c51bc65ec1f9','fb768f88-d29f-4089-a93a-7af2fa794676','950303ab-960e-4309-a58a-7ebb3c57a8d2','ACTIVE','FIXED');
Insert into ADMIN_AREA_PROJ_APP_REL_TBL (ADMIN_AREA_PROJ_APP_REL_ID,ADMIN_AREA_PROJECT_REL_ID,PROJECT_APPLICATION_ID,STATUS,REL_TYPE) values ('0bab8b55-de11-4af4-b1dd-8e2ae04df3c7','fb768f88-d29f-4089-a93a-7af2fa794676','d6a5b8f1-e397-489d-8e11-29a70a02278a','ACTIVE','PROTECTED');
Insert into ADMIN_AREA_PROJ_APP_REL_TBL (ADMIN_AREA_PROJ_APP_REL_ID,ADMIN_AREA_PROJECT_REL_ID,PROJECT_APPLICATION_ID,STATUS,REL_TYPE) values ('0f723609-427a-4312-8a05-4d07cbf4e9e8','fb768f88-d29f-4089-a93a-7af2fa794676','fb92e86a-7e73-4f2d-8c70-77264214591c','ACTIVE','PROTECTED');
Insert into ADMIN_AREA_PROJ_APP_REL_TBL (ADMIN_AREA_PROJ_APP_REL_ID,ADMIN_AREA_PROJECT_REL_ID,PROJECT_APPLICATION_ID,STATUS,REL_TYPE) values ('55b41070-301c-448c-b32a-2fa31654c525','4a0a19ff-a694-479f-b016-6007bc9bb3ef','a9817536-a853-4369-b76b-b99072634d41','ACTIVE','NOTFIXED');
Insert into ADMIN_AREA_PROJ_APP_REL_TBL (ADMIN_AREA_PROJ_APP_REL_ID,ADMIN_AREA_PROJECT_REL_ID,PROJECT_APPLICATION_ID,STATUS,REL_TYPE) values ('b52855e9-b9ad-4e14-a068-9d111375134e','4a0a19ff-a694-479f-b016-6007bc9bb3ef','f8433dd6-5b17-4b5f-ba3c-82d05888b7c7','ACTIVE','NOTFIXED');
Insert into ADMIN_AREA_PROJ_APP_REL_TBL (ADMIN_AREA_PROJ_APP_REL_ID,ADMIN_AREA_PROJECT_REL_ID,PROJECT_APPLICATION_ID,STATUS,REL_TYPE) values ('e87d966f-6a7e-4d92-95c0-aecc7e09a4f8','4a0a19ff-a694-479f-b016-6007bc9bb3ef','d6a5b8f1-e397-489d-8e11-29a70a02278a','ACTIVE','FIXED');
Insert into ADMIN_AREA_PROJ_APP_REL_TBL (ADMIN_AREA_PROJ_APP_REL_ID,ADMIN_AREA_PROJECT_REL_ID,PROJECT_APPLICATION_ID,STATUS,REL_TYPE) values ('9e1323f3-7ea3-46ab-ae2f-5995fcdb6f58','4a0a19ff-a694-479f-b016-6007bc9bb3ef','fb92e86a-7e73-4f2d-8c70-77264214591c','ACTIVE','FIXED');
Insert into ADMIN_AREA_PROJ_APP_REL_TBL (ADMIN_AREA_PROJ_APP_REL_ID,ADMIN_AREA_PROJECT_REL_ID,PROJECT_APPLICATION_ID,STATUS,REL_TYPE) values ('8618419e-f039-402e-89eb-dd445ad264d6','4a0a19ff-a694-479f-b016-6007bc9bb3ef','c00dc0cc-570b-4438-9734-d21cd6a3b141','ACTIVE','PROTECTED');
Insert into ADMIN_AREA_PROJ_APP_REL_TBL (ADMIN_AREA_PROJ_APP_REL_ID,ADMIN_AREA_PROJECT_REL_ID,PROJECT_APPLICATION_ID,STATUS,REL_TYPE) values ('5ca3345e-04f5-4adb-86ee-bbd432d53640','4a0a19ff-a694-479f-b016-6007bc9bb3ef','950303ab-960e-4309-a58a-7ebb3c57a8d2','ACTIVE','PROTECTED');
Insert into ADMIN_AREA_PROJ_APP_REL_TBL (ADMIN_AREA_PROJ_APP_REL_ID,ADMIN_AREA_PROJECT_REL_ID,PROJECT_APPLICATION_ID,STATUS,REL_TYPE) values ('634b68b8-bdfc-4ace-9275-eacb7648c2f4','a16e09bc-0adf-43f7-9e0f-dc1688e7e766','d6a5b8f1-e397-489d-8e11-29a70a02278a','ACTIVE','NOTFIXED');
Insert into ADMIN_AREA_PROJ_APP_REL_TBL (ADMIN_AREA_PROJ_APP_REL_ID,ADMIN_AREA_PROJECT_REL_ID,PROJECT_APPLICATION_ID,STATUS,REL_TYPE) values ('0cf5a926-c327-45fb-8497-65de0dd6638f','a16e09bc-0adf-43f7-9e0f-dc1688e7e766','a9817536-a853-4369-b76b-b99072634d41','ACTIVE','NOTFIXED');
Insert into ADMIN_AREA_PROJ_APP_REL_TBL (ADMIN_AREA_PROJ_APP_REL_ID,ADMIN_AREA_PROJECT_REL_ID,PROJECT_APPLICATION_ID,STATUS,REL_TYPE) values ('03b8e13b-d953-4795-a57d-4a83badd4262','a16e09bc-0adf-43f7-9e0f-dc1688e7e766','950303ab-960e-4309-a58a-7ebb3c57a8d2','ACTIVE','FIXED');
Insert into ADMIN_AREA_PROJ_APP_REL_TBL (ADMIN_AREA_PROJ_APP_REL_ID,ADMIN_AREA_PROJECT_REL_ID,PROJECT_APPLICATION_ID,STATUS,REL_TYPE) values ('0e0c577f-c6ce-461f-88e6-10851fca7b9d','a16e09bc-0adf-43f7-9e0f-dc1688e7e766','fb92e86a-7e73-4f2d-8c70-77264214591c','ACTIVE','FIXED');
Insert into ADMIN_AREA_PROJ_APP_REL_TBL (ADMIN_AREA_PROJ_APP_REL_ID,ADMIN_AREA_PROJECT_REL_ID,PROJECT_APPLICATION_ID,STATUS,REL_TYPE) values ('c49efd6d-8d67-4fbc-a014-a00191d4b738','a16e09bc-0adf-43f7-9e0f-dc1688e7e766','c00dc0cc-570b-4438-9734-d21cd6a3b141','ACTIVE','PROTECTED');
Insert into ADMIN_AREA_PROJ_APP_REL_TBL (ADMIN_AREA_PROJ_APP_REL_ID,ADMIN_AREA_PROJECT_REL_ID,PROJECT_APPLICATION_ID,STATUS,REL_TYPE) values ('d0def6c9-3328-4a6e-8e87-4279d7e64188','5e3244c5-7603-459b-99cd-31acaa019819','a9817536-a853-4369-b76b-b99072634d41','ACTIVE','NOTFIXED');
Insert into ADMIN_AREA_PROJ_APP_REL_TBL (ADMIN_AREA_PROJ_APP_REL_ID,ADMIN_AREA_PROJECT_REL_ID,PROJECT_APPLICATION_ID,STATUS,REL_TYPE) values ('14e76808-99e8-45b1-b601-b53c84613406','5e3244c5-7603-459b-99cd-31acaa019819','d6a5b8f1-e397-489d-8e11-29a70a02278a','ACTIVE','FIXED');
Insert into ADMIN_AREA_PROJ_APP_REL_TBL (ADMIN_AREA_PROJ_APP_REL_ID,ADMIN_AREA_PROJECT_REL_ID,PROJECT_APPLICATION_ID,STATUS,REL_TYPE) values ('878849b0-8306-4499-a324-1a6b01506229','5e3244c5-7603-459b-99cd-31acaa019819','fb92e86a-7e73-4f2d-8c70-77264214591c','ACTIVE','FIXED');
Insert into ADMIN_AREA_PROJ_APP_REL_TBL (ADMIN_AREA_PROJ_APP_REL_ID,ADMIN_AREA_PROJECT_REL_ID,PROJECT_APPLICATION_ID,STATUS,REL_TYPE) values ('0fabe6a8-480c-4687-94ca-9dbe60292cba','5e3244c5-7603-459b-99cd-31acaa019819','950303ab-960e-4309-a58a-7ebb3c57a8d2','ACTIVE','NOTFIXED');
Insert into ADMIN_AREA_PROJ_APP_REL_TBL (ADMIN_AREA_PROJ_APP_REL_ID,ADMIN_AREA_PROJECT_REL_ID,PROJECT_APPLICATION_ID,STATUS,REL_TYPE) values ('2a0501e6-9861-4337-9c15-3342723e5a43','5e3244c5-7603-459b-99cd-31acaa019819','784012e5-3331-4df3-aa05-f27b83a68187','ACTIVE','NOTFIXED');
Insert into ADMIN_AREA_PROJ_APP_REL_TBL (ADMIN_AREA_PROJ_APP_REL_ID,ADMIN_AREA_PROJECT_REL_ID,PROJECT_APPLICATION_ID,STATUS,REL_TYPE) values ('d18dd284-c657-4cb8-b9e9-637673586737','5e3244c5-7603-459b-99cd-31acaa019819','c00dc0cc-570b-4438-9734-d21cd6a3b141','ACTIVE','PROTECTED');
Insert into ADMIN_AREA_PROJ_APP_REL_TBL (ADMIN_AREA_PROJ_APP_REL_ID,ADMIN_AREA_PROJECT_REL_ID,PROJECT_APPLICATION_ID,STATUS,REL_TYPE) values ('33da1a1e-01f9-4060-9d07-4012ab9cf36d','5e3244c5-7603-459b-99cd-31acaa019819','7842bce6-ddc1-4b3c-ab36-b574751fce56','ACTIVE','NOTFIXED');
Insert into ADMIN_AREA_PROJ_APP_REL_TBL (ADMIN_AREA_PROJ_APP_REL_ID,ADMIN_AREA_PROJECT_REL_ID,PROJECT_APPLICATION_ID,STATUS,REL_TYPE) values ('dce77b76-5c5f-485b-a3ee-185106bea25c','5e3244c5-7603-459b-99cd-31acaa019819','f8433dd6-5b17-4b5f-ba3c-82d05888b7c7','ACTIVE','PROTECTED');
Insert into ADMIN_AREA_PROJ_APP_REL_TBL (ADMIN_AREA_PROJ_APP_REL_ID,ADMIN_AREA_PROJECT_REL_ID,PROJECT_APPLICATION_ID,STATUS,REL_TYPE) values ('c63e905f-db9a-4c66-b14e-901ecf81d109','7f8a6b79-0206-4b6f-802c-9eb61ec6162f','784012e5-3331-4df3-aa05-f27b83a68187','ACTIVE','NOTFIXED');
Insert into ADMIN_AREA_PROJ_APP_REL_TBL (ADMIN_AREA_PROJ_APP_REL_ID,ADMIN_AREA_PROJECT_REL_ID,PROJECT_APPLICATION_ID,STATUS,REL_TYPE) values ('fcf1e230-c02c-440d-a183-f0e9b8b97486','7f8a6b79-0206-4b6f-802c-9eb61ec6162f','c00dc0cc-570b-4438-9734-d21cd6a3b141','ACTIVE','NOTFIXED');
Insert into ADMIN_AREA_PROJ_APP_REL_TBL (ADMIN_AREA_PROJ_APP_REL_ID,ADMIN_AREA_PROJECT_REL_ID,PROJECT_APPLICATION_ID,STATUS,REL_TYPE) values ('0db7c599-f815-442c-8920-f6aa33421745','7f8a6b79-0206-4b6f-802c-9eb61ec6162f','fb92e86a-7e73-4f2d-8c70-77264214591c','ACTIVE','FIXED');
Insert into ADMIN_AREA_PROJ_APP_REL_TBL (ADMIN_AREA_PROJ_APP_REL_ID,ADMIN_AREA_PROJECT_REL_ID,PROJECT_APPLICATION_ID,STATUS,REL_TYPE) values ('d3187024-cacc-4aeb-a1c6-b0b402862d20','7f8a6b79-0206-4b6f-802c-9eb61ec6162f','950303ab-960e-4309-a58a-7ebb3c57a8d2','ACTIVE','FIXED');
Insert into ADMIN_AREA_PROJ_APP_REL_TBL (ADMIN_AREA_PROJ_APP_REL_ID,ADMIN_AREA_PROJECT_REL_ID,PROJECT_APPLICATION_ID,STATUS,REL_TYPE) values ('eca2094f-84e0-4c8e-ba67-7abe540c5ea8','7f8a6b79-0206-4b6f-802c-9eb61ec6162f','d6a5b8f1-e397-489d-8e11-29a70a02278a','ACTIVE','PROTECTED');
Insert into ADMIN_AREA_PROJ_APP_REL_TBL (ADMIN_AREA_PROJ_APP_REL_ID,ADMIN_AREA_PROJECT_REL_ID,PROJECT_APPLICATION_ID,STATUS,REL_TYPE) values ('d2739e21-78df-462e-89d0-765f61712012','f9e2e9b9-daf7-4bff-ab2f-f4cbc1171b96','fb92e86a-7e73-4f2d-8c70-77264214591c','ACTIVE','FIXED');
Insert into ADMIN_AREA_PROJ_APP_REL_TBL (ADMIN_AREA_PROJ_APP_REL_ID,ADMIN_AREA_PROJECT_REL_ID,PROJECT_APPLICATION_ID,STATUS,REL_TYPE) values ('8b439525-e39b-4f69-a69e-036877401513','f9e2e9b9-daf7-4bff-ab2f-f4cbc1171b96','950303ab-960e-4309-a58a-7ebb3c57a8d2','ACTIVE','FIXED');
Insert into ADMIN_AREA_PROJ_APP_REL_TBL (ADMIN_AREA_PROJ_APP_REL_ID,ADMIN_AREA_PROJECT_REL_ID,PROJECT_APPLICATION_ID,STATUS,REL_TYPE) values ('3640e244-0b13-4bb1-a784-765f7c8261e0','f9e2e9b9-daf7-4bff-ab2f-f4cbc1171b96','c00dc0cc-570b-4438-9734-d21cd6a3b141','ACTIVE','NOTFIXED');
Insert into ADMIN_AREA_PROJ_APP_REL_TBL (ADMIN_AREA_PROJ_APP_REL_ID,ADMIN_AREA_PROJECT_REL_ID,PROJECT_APPLICATION_ID,STATUS,REL_TYPE) values ('9da10af3-0f17-424b-9f50-b74147e35104','f9e2e9b9-daf7-4bff-ab2f-f4cbc1171b96','a9817536-a853-4369-b76b-b99072634d41','ACTIVE','PROTECTED');
Insert into ADMIN_AREA_PROJ_APP_REL_TBL (ADMIN_AREA_PROJ_APP_REL_ID,ADMIN_AREA_PROJECT_REL_ID,PROJECT_APPLICATION_ID,STATUS,REL_TYPE) values ('9cd88a90-94de-4e98-8cf5-4dcdc6479aad','f9e2e9b9-daf7-4bff-ab2f-f4cbc1171b96','f8433dd6-5b17-4b5f-ba3c-82d05888b7c7','ACTIVE','PROTECTED');
Insert into ADMIN_AREA_PROJ_APP_REL_TBL (ADMIN_AREA_PROJ_APP_REL_ID,ADMIN_AREA_PROJECT_REL_ID,PROJECT_APPLICATION_ID,STATUS,REL_TYPE) values ('0dc886b3-3544-4573-8b6d-1a204d524fe2','c1ac9686-fb58-493e-86de-4dc43caa9a0a','d6a5b8f1-e397-489d-8e11-29a70a02278a','ACTIVE','FIXED');
Insert into ADMIN_AREA_PROJ_APP_REL_TBL (ADMIN_AREA_PROJ_APP_REL_ID,ADMIN_AREA_PROJECT_REL_ID,PROJECT_APPLICATION_ID,STATUS,REL_TYPE) values ('75262662-a17e-4239-847a-e5cb6ac62782','c1ac9686-fb58-493e-86de-4dc43caa9a0a','a9817536-a853-4369-b76b-b99072634d41','ACTIVE','FIXED');
Insert into ADMIN_AREA_PROJ_APP_REL_TBL (ADMIN_AREA_PROJ_APP_REL_ID,ADMIN_AREA_PROJECT_REL_ID,PROJECT_APPLICATION_ID,STATUS,REL_TYPE) values ('dcba2c78-d012-465e-ac78-0a6df7def46f','c1ac9686-fb58-493e-86de-4dc43caa9a0a','fb92e86a-7e73-4f2d-8c70-77264214591c','ACTIVE','NOTFIXED');
Insert into ADMIN_AREA_PROJ_APP_REL_TBL (ADMIN_AREA_PROJ_APP_REL_ID,ADMIN_AREA_PROJECT_REL_ID,PROJECT_APPLICATION_ID,STATUS,REL_TYPE) values ('b0132153-6fab-4717-bcd2-e4d6f28decd4','c1ac9686-fb58-493e-86de-4dc43caa9a0a','950303ab-960e-4309-a58a-7ebb3c57a8d2','ACTIVE','NOTFIXED');
Insert into ADMIN_AREA_PROJ_APP_REL_TBL (ADMIN_AREA_PROJ_APP_REL_ID,ADMIN_AREA_PROJECT_REL_ID,PROJECT_APPLICATION_ID,STATUS,REL_TYPE) values ('f5dbb154-9bc0-4aa8-8ea4-721d096dcf7f','c1ac9686-fb58-493e-86de-4dc43caa9a0a','f8433dd6-5b17-4b5f-ba3c-82d05888b7c7','ACTIVE','PROTECTED');
Insert into ADMIN_AREA_PROJ_APP_REL_TBL (ADMIN_AREA_PROJ_APP_REL_ID,ADMIN_AREA_PROJECT_REL_ID,PROJECT_APPLICATION_ID,STATUS,REL_TYPE) values ('80b8992c-6e7e-4fcb-9403-112120760580','5f1d713c-5aaa-46c4-92ca-4d8d62036acb','784012e5-3331-4df3-aa05-f27b83a68187','ACTIVE','NOTFIXED');
Insert into ADMIN_AREA_PROJ_APP_REL_TBL (ADMIN_AREA_PROJ_APP_REL_ID,ADMIN_AREA_PROJECT_REL_ID,PROJECT_APPLICATION_ID,STATUS,REL_TYPE) values ('275b1881-6def-412a-bc39-ac5595c87ddd','5f1d713c-5aaa-46c4-92ca-4d8d62036acb','c00dc0cc-570b-4438-9734-d21cd6a3b141','ACTIVE','NOTFIXED');
Insert into ADMIN_AREA_PROJ_APP_REL_TBL (ADMIN_AREA_PROJ_APP_REL_ID,ADMIN_AREA_PROJECT_REL_ID,PROJECT_APPLICATION_ID,STATUS,REL_TYPE) values ('59ed7528-4474-4caf-a875-176e44c5b333','5f1d713c-5aaa-46c4-92ca-4d8d62036acb','fb92e86a-7e73-4f2d-8c70-77264214591c','ACTIVE','FIXED');
Insert into ADMIN_AREA_PROJ_APP_REL_TBL (ADMIN_AREA_PROJ_APP_REL_ID,ADMIN_AREA_PROJECT_REL_ID,PROJECT_APPLICATION_ID,STATUS,REL_TYPE) values ('ce9812a9-55b7-473f-a0f3-d646768b5b7a','5f1d713c-5aaa-46c4-92ca-4d8d62036acb','950303ab-960e-4309-a58a-7ebb3c57a8d2','ACTIVE','FIXED');
Insert into ADMIN_AREA_PROJ_APP_REL_TBL (ADMIN_AREA_PROJ_APP_REL_ID,ADMIN_AREA_PROJECT_REL_ID,PROJECT_APPLICATION_ID,STATUS,REL_TYPE) values ('6e95ff71-dc30-4db9-99dc-1c11208158d7','5f1d713c-5aaa-46c4-92ca-4d8d62036acb','a9817536-a853-4369-b76b-b99072634d41','ACTIVE','PROTECTED');
Insert into ADMIN_AREA_PROJ_APP_REL_TBL (ADMIN_AREA_PROJ_APP_REL_ID,ADMIN_AREA_PROJECT_REL_ID,PROJECT_APPLICATION_ID,STATUS,REL_TYPE) values ('6bc5190a-069b-47a8-8fc9-63b6c53bfe00','5f1d713c-5aaa-46c4-92ca-4d8d62036acb','d6a5b8f1-e397-489d-8e11-29a70a02278a','ACTIVE','PROTECTED');

REM INSERTING into ADMIN_AREA_START_APP_REL_TBL
SET DEFINE OFF;
Insert into ADMIN_AREA_START_APP_REL_TBL (ADMIN_AREA_START_APP_REL_ID,SITE_ADMIN_AREA_REL_ID,START_APPLICATION_ID,STATUS) values ('f15dda3a-6a4f-49da-8f14-5c0067ef3a0f','c59d6808-9869-44ef-8245-e622740b8cd8','71879687-c73c-431d-8355-5a9ac63686af','ACTIVE');
Insert into ADMIN_AREA_START_APP_REL_TBL (ADMIN_AREA_START_APP_REL_ID,SITE_ADMIN_AREA_REL_ID,START_APPLICATION_ID,STATUS) values ('d06dd532-b055-42cc-b440-37991f464818','c59d6808-9869-44ef-8245-e622740b8cd8','6962f593-63c2-47b7-be28-94d5a4cb2950','ACTIVE');
Insert into ADMIN_AREA_START_APP_REL_TBL (ADMIN_AREA_START_APP_REL_ID,SITE_ADMIN_AREA_REL_ID,START_APPLICATION_ID,STATUS) values ('1df3a8ff-670b-4f50-8aaa-9db7b1314bc5','8a3421e9-8746-4637-99cb-0a324c40777f','4acf3996-0511-4f11-ab2d-dc6ecdc501a1','ACTIVE');
Insert into ADMIN_AREA_START_APP_REL_TBL (ADMIN_AREA_START_APP_REL_ID,SITE_ADMIN_AREA_REL_ID,START_APPLICATION_ID,STATUS) values ('84284ee3-e175-4029-abba-c3a6e5a9eca1','8a3421e9-8746-4637-99cb-0a324c40777f','0c02362f-b09e-4d25-88af-31d09bbacf2b','ACTIVE');
Insert into ADMIN_AREA_START_APP_REL_TBL (ADMIN_AREA_START_APP_REL_ID,SITE_ADMIN_AREA_REL_ID,START_APPLICATION_ID,STATUS) values ('dc3a5272-2b2a-4ca8-8608-6637b91d4f80','a8d5bbdb-c194-4176-9833-da2927f4cd85','71879687-c73c-431d-8355-5a9ac63686af','ACTIVE');
Insert into ADMIN_AREA_START_APP_REL_TBL (ADMIN_AREA_START_APP_REL_ID,SITE_ADMIN_AREA_REL_ID,START_APPLICATION_ID,STATUS) values ('1a30f130-b13a-45f2-bba3-441d5e0b6dee','a8d5bbdb-c194-4176-9833-da2927f4cd85','0c02362f-b09e-4d25-88af-31d09bbacf2b','ACTIVE');
Insert into ADMIN_AREA_START_APP_REL_TBL (ADMIN_AREA_START_APP_REL_ID,SITE_ADMIN_AREA_REL_ID,START_APPLICATION_ID,STATUS) values ('596cb6da-62f2-4db3-ab9d-56bfecf9ba57','a8d5bbdb-c194-4176-9833-da2927f4cd85','4f56a0a1-e68d-4890-abd3-dee26cd9f825','ACTIVE');

REM INSERTING into ADMIN_AREA_USER_APP_REL_TBL
SET DEFINE OFF;
Insert into ADMIN_AREA_USER_APP_REL_TBL (ADMIN_AREA_USER_APP_REL_ID,SITE_ADMIN_AREA_REL_ID,USER_APPLICATION_ID,STATUS,REL_TYPE) values ('545ee74b-f113-4c3f-8a6b-fc9e26ea1639','c59d6808-9869-44ef-8245-e622740b8cd8','a6399fa4-b852-46ef-ae89-ed58aec0f79d','ACTIVE','FIXED');
Insert into ADMIN_AREA_USER_APP_REL_TBL (ADMIN_AREA_USER_APP_REL_ID,SITE_ADMIN_AREA_REL_ID,USER_APPLICATION_ID,STATUS,REL_TYPE) values ('3b1808c9-dcdd-47a2-8401-0ae15e3f302f','c59d6808-9869-44ef-8245-e622740b8cd8','559940f3-615f-4ba5-9a03-2ac855394ee5','ACTIVE','FIXED');
Insert into ADMIN_AREA_USER_APP_REL_TBL (ADMIN_AREA_USER_APP_REL_ID,SITE_ADMIN_AREA_REL_ID,USER_APPLICATION_ID,STATUS,REL_TYPE) values ('2d6e612a-170a-406d-8035-d08872c41713','c59d6808-9869-44ef-8245-e622740b8cd8','324b577e-f930-4725-92af-4e4790f0c394','ACTIVE','FIXED');
Insert into ADMIN_AREA_USER_APP_REL_TBL (ADMIN_AREA_USER_APP_REL_ID,SITE_ADMIN_AREA_REL_ID,USER_APPLICATION_ID,STATUS,REL_TYPE) values ('5d4685f0-6919-4dac-b2bd-c8e2d2022b7c','c59d6808-9869-44ef-8245-e622740b8cd8','afc9b4ae-0e8a-4134-8e95-ef2ea0737637','ACTIVE','NOTFIXED');
Insert into ADMIN_AREA_USER_APP_REL_TBL (ADMIN_AREA_USER_APP_REL_ID,SITE_ADMIN_AREA_REL_ID,USER_APPLICATION_ID,STATUS,REL_TYPE) values ('525dfdfa-6cd8-45f8-81e5-6e391fcdd400','c59d6808-9869-44ef-8245-e622740b8cd8','e25682e7-c660-442f-95b6-9c31a59f87f3','ACTIVE','NOTFIXED');
Insert into ADMIN_AREA_USER_APP_REL_TBL (ADMIN_AREA_USER_APP_REL_ID,SITE_ADMIN_AREA_REL_ID,USER_APPLICATION_ID,STATUS,REL_TYPE) values ('e614cde4-535f-451c-9a82-2c76ad157073','c59d6808-9869-44ef-8245-e622740b8cd8','77528113-96b2-404a-b613-acd10357fb96','ACTIVE','PROTECTED');
Insert into ADMIN_AREA_USER_APP_REL_TBL (ADMIN_AREA_USER_APP_REL_ID,SITE_ADMIN_AREA_REL_ID,USER_APPLICATION_ID,STATUS,REL_TYPE) values ('43f17b4a-e759-4675-9581-5921806f3604','8a3421e9-8746-4637-99cb-0a324c40777f','2af842e1-446a-42d0-8ebb-8612df8b550b','ACTIVE','PROTECTED');
Insert into ADMIN_AREA_USER_APP_REL_TBL (ADMIN_AREA_USER_APP_REL_ID,SITE_ADMIN_AREA_REL_ID,USER_APPLICATION_ID,STATUS,REL_TYPE) values ('372f8ce9-7912-450a-b096-c9c7ffa2506b','a8d5bbdb-c194-4176-9833-da2927f4cd85','a6399fa4-b852-46ef-ae89-ed58aec0f79d','ACTIVE','NOTFIXED');
Insert into ADMIN_AREA_USER_APP_REL_TBL (ADMIN_AREA_USER_APP_REL_ID,SITE_ADMIN_AREA_REL_ID,USER_APPLICATION_ID,STATUS,REL_TYPE) values ('32038c7d-23ca-4f10-863e-9954a87d0c6e','a8d5bbdb-c194-4176-9833-da2927f4cd85','324b577e-f930-4725-92af-4e4790f0c394','ACTIVE','FIXED');
Insert into ADMIN_AREA_USER_APP_REL_TBL (ADMIN_AREA_USER_APP_REL_ID,SITE_ADMIN_AREA_REL_ID,USER_APPLICATION_ID,STATUS,REL_TYPE) values ('067ed487-3ca6-42a8-9d4b-6fc68d4b8c52','a8d5bbdb-c194-4176-9833-da2927f4cd85','559940f3-615f-4ba5-9a03-2ac855394ee5','ACTIVE','FIXED');
Insert into ADMIN_AREA_USER_APP_REL_TBL (ADMIN_AREA_USER_APP_REL_ID,SITE_ADMIN_AREA_REL_ID,USER_APPLICATION_ID,STATUS,REL_TYPE) values ('ec318a5f-0a7b-4ae6-ba57-fe939dd84b51','a8d5bbdb-c194-4176-9833-da2927f4cd85','afc9b4ae-0e8a-4134-8e95-ef2ea0737637','ACTIVE','PROTECTED');
Insert into ADMIN_AREA_USER_APP_REL_TBL (ADMIN_AREA_USER_APP_REL_ID,SITE_ADMIN_AREA_REL_ID,USER_APPLICATION_ID,STATUS,REL_TYPE) values ('fbb9e6f8-a11d-4ba7-ac14-25c1c1bde8f2','a8d5bbdb-c194-4176-9833-da2927f4cd85','e25682e7-c660-442f-95b6-9c31a59f87f3','ACTIVE','PROTECTED');
Insert into ADMIN_AREA_USER_APP_REL_TBL (ADMIN_AREA_USER_APP_REL_ID,SITE_ADMIN_AREA_REL_ID,USER_APPLICATION_ID,STATUS,REL_TYPE) values ('6bf8a504-4a62-4de8-b2ba-038d973b1926','a8d5bbdb-c194-4176-9833-da2927f4cd85','77528113-96b2-404a-b613-acd10357fb96','ACTIVE','FIXED');
Insert into ADMIN_AREA_USER_APP_REL_TBL (ADMIN_AREA_USER_APP_REL_ID,SITE_ADMIN_AREA_REL_ID,USER_APPLICATION_ID,STATUS,REL_TYPE) values ('39da7ac5-22f5-4d80-b5f9-eb56a6f66363','057950f2-83c2-42a2-adb8-9ce183b9e724','77528113-96b2-404a-b613-acd10357fb96','ACTIVE','NOTFIXED');
Insert into ADMIN_AREA_USER_APP_REL_TBL (ADMIN_AREA_USER_APP_REL_ID,SITE_ADMIN_AREA_REL_ID,USER_APPLICATION_ID,STATUS,REL_TYPE) values ('72060dfd-4918-4021-8045-e23e3ae2e0ac','057950f2-83c2-42a2-adb8-9ce183b9e724','a6399fa4-b852-46ef-ae89-ed58aec0f79d','ACTIVE','FIXED');
Insert into ADMIN_AREA_USER_APP_REL_TBL (ADMIN_AREA_USER_APP_REL_ID,SITE_ADMIN_AREA_REL_ID,USER_APPLICATION_ID,STATUS,REL_TYPE) values ('e01f5a14-1fda-4f94-97d1-e14451f80e65','057950f2-83c2-42a2-adb8-9ce183b9e724','324b577e-f930-4725-92af-4e4790f0c394','ACTIVE','FIXED');
Insert into ADMIN_AREA_USER_APP_REL_TBL (ADMIN_AREA_USER_APP_REL_ID,SITE_ADMIN_AREA_REL_ID,USER_APPLICATION_ID,STATUS,REL_TYPE) values ('5ac341aa-5636-49b7-94dc-303e69637908','057950f2-83c2-42a2-adb8-9ce183b9e724','afc9b4ae-0e8a-4134-8e95-ef2ea0737637','ACTIVE','NOTFIXED');
Insert into ADMIN_AREA_USER_APP_REL_TBL (ADMIN_AREA_USER_APP_REL_ID,SITE_ADMIN_AREA_REL_ID,USER_APPLICATION_ID,STATUS,REL_TYPE) values ('88587d9e-284f-4785-b3f4-b75b7e4e82c0','057950f2-83c2-42a2-adb8-9ce183b9e724','559940f3-615f-4ba5-9a03-2ac855394ee5','ACTIVE','NOTFIXED');
Insert into ADMIN_AREA_USER_APP_REL_TBL (ADMIN_AREA_USER_APP_REL_ID,SITE_ADMIN_AREA_REL_ID,USER_APPLICATION_ID,STATUS,REL_TYPE) values ('c8fa0888-cc8a-4d0f-9679-c0d64cde9651','057950f2-83c2-42a2-adb8-9ce183b9e724','e25682e7-c660-442f-95b6-9c31a59f87f3','ACTIVE','PROTECTED');
Insert into ADMIN_AREA_USER_APP_REL_TBL (ADMIN_AREA_USER_APP_REL_ID,SITE_ADMIN_AREA_REL_ID,USER_APPLICATION_ID,STATUS,REL_TYPE) values ('f2b14b8b-add0-472d-ab8d-e7cfb64a9e50','057950f2-83c2-42a2-adb8-9ce183b9e724','d43ae193-ce8c-4e68-babc-2f637f543b5c','ACTIVE','PROTECTED');
Insert into ADMIN_AREA_USER_APP_REL_TBL (ADMIN_AREA_USER_APP_REL_ID,SITE_ADMIN_AREA_REL_ID,USER_APPLICATION_ID,STATUS,REL_TYPE) values ('64d9039a-1c78-4050-82e5-27cdac6adab3','8a3421e9-8746-4637-99cb-0a324c40777f','afc9b4ae-0e8a-4134-8e95-ef2ea0737637','ACTIVE','FIXED');
Insert into ADMIN_AREA_USER_APP_REL_TBL (ADMIN_AREA_USER_APP_REL_ID,SITE_ADMIN_AREA_REL_ID,USER_APPLICATION_ID,STATUS,REL_TYPE) values ('66da793d-816c-4c3b-bd82-70f2cb524d33','8a3421e9-8746-4637-99cb-0a324c40777f','e25682e7-c660-442f-95b6-9c31a59f87f3','ACTIVE','FIXED');
Insert into ADMIN_AREA_USER_APP_REL_TBL (ADMIN_AREA_USER_APP_REL_ID,SITE_ADMIN_AREA_REL_ID,USER_APPLICATION_ID,STATUS,REL_TYPE) values ('d0203a8f-43a3-40a1-a0aa-dd3e6ec06dcd','8a3421e9-8746-4637-99cb-0a324c40777f','77528113-96b2-404a-b613-acd10357fb96','ACTIVE','PROTECTED');
Insert into ADMIN_AREA_USER_APP_REL_TBL (ADMIN_AREA_USER_APP_REL_ID,SITE_ADMIN_AREA_REL_ID,USER_APPLICATION_ID,STATUS,REL_TYPE) values ('9eb63316-6741-40d6-8719-4378975488ac','8a3421e9-8746-4637-99cb-0a324c40777f','559940f3-615f-4ba5-9a03-2ac855394ee5','ACTIVE','NOTFIXED');
Insert into ADMIN_AREA_USER_APP_REL_TBL (ADMIN_AREA_USER_APP_REL_ID,SITE_ADMIN_AREA_REL_ID,USER_APPLICATION_ID,STATUS,REL_TYPE) values ('fb29645e-8d97-46e0-8921-0c8ebc67b914','8a3421e9-8746-4637-99cb-0a324c40777f','a6399fa4-b852-46ef-ae89-ed58aec0f79d','ACTIVE','NOTFIXED');
Insert into ADMIN_AREA_USER_APP_REL_TBL (ADMIN_AREA_USER_APP_REL_ID,SITE_ADMIN_AREA_REL_ID,USER_APPLICATION_ID,STATUS,REL_TYPE) values ('d41193f3-c2b1-4c9e-a9cb-f00032883ba8','8a3421e9-8746-4637-99cb-0a324c40777f','324b577e-f930-4725-92af-4e4790f0c394','ACTIVE','FIXED');


REM INSERTING into PROJECT_START_APP_REL_TBL
SET DEFINE OFF;
Insert into PROJECT_START_APP_REL_TBL (PROJECT_START_APP_REL_ID,ADMIN_AREA_PROJECT_REL_ID,START_APPLICATION_ID,STATUS) values ('cfaada3c-60ee-4cf3-91c8-43f50122c083','d317f43d-eb7b-4435-a314-df2df5f22dde','4acf3996-0511-4f11-ab2d-dc6ecdc501a1','ACTIVE');
Insert into PROJECT_START_APP_REL_TBL (PROJECT_START_APP_REL_ID,ADMIN_AREA_PROJECT_REL_ID,START_APPLICATION_ID,STATUS) values ('3f7ccb8d-8f9e-4008-9f4d-092d7d3e258a','d317f43d-eb7b-4435-a314-df2df5f22dde','0c02362f-b09e-4d25-88af-31d09bbacf2b','ACTIVE');
Insert into PROJECT_START_APP_REL_TBL (PROJECT_START_APP_REL_ID,ADMIN_AREA_PROJECT_REL_ID,START_APPLICATION_ID,STATUS) values ('208b7cee-3816-496e-8d5c-df1149bf09fa','477458d7-8ee2-439d-9cfb-715e006ba09b','71879687-c73c-431d-8355-5a9ac63686af','ACTIVE');
Insert into PROJECT_START_APP_REL_TBL (PROJECT_START_APP_REL_ID,ADMIN_AREA_PROJECT_REL_ID,START_APPLICATION_ID,STATUS) values ('3ada9896-a5d6-4da0-9eb0-faa31bef97be','477458d7-8ee2-439d-9cfb-715e006ba09b','4f56a0a1-e68d-4890-abd3-dee26cd9f825','ACTIVE');
Insert into PROJECT_START_APP_REL_TBL (PROJECT_START_APP_REL_ID,ADMIN_AREA_PROJECT_REL_ID,START_APPLICATION_ID,STATUS) values ('1282eb21-1f48-4533-9b83-d6511e15fb17','fb768f88-d29f-4089-a93a-7af2fa794676','6962f593-63c2-47b7-be28-94d5a4cb2950','ACTIVE');
Insert into PROJECT_START_APP_REL_TBL (PROJECT_START_APP_REL_ID,ADMIN_AREA_PROJECT_REL_ID,START_APPLICATION_ID,STATUS) values ('f1b0fc63-223d-4a0d-b9e3-023e0e110405','fb768f88-d29f-4089-a93a-7af2fa794676','b4c38901-137c-479b-b752-09a64a670608','ACTIVE');
Insert into PROJECT_START_APP_REL_TBL (PROJECT_START_APP_REL_ID,ADMIN_AREA_PROJECT_REL_ID,START_APPLICATION_ID,STATUS) values ('c258b239-0eda-4e95-9203-76ac883630a4','a16e09bc-0adf-43f7-9e0f-dc1688e7e766','cceb95f2-d133-4090-a1cd-b2c7ab726a8d','ACTIVE');
Insert into PROJECT_START_APP_REL_TBL (PROJECT_START_APP_REL_ID,ADMIN_AREA_PROJECT_REL_ID,START_APPLICATION_ID,STATUS) values ('333d77fd-7546-4d11-a57e-e02319ca1a8d','a16e09bc-0adf-43f7-9e0f-dc1688e7e766','32d1acec-3042-4103-bb80-053380fb91a6','ACTIVE');
Insert into PROJECT_START_APP_REL_TBL (PROJECT_START_APP_REL_ID,ADMIN_AREA_PROJECT_REL_ID,START_APPLICATION_ID,STATUS) values ('ad97623a-7ca7-489f-8a9c-1db2a96483bd','5f1d713c-5aaa-46c4-92ca-4d8d62036acb','4acf3996-0511-4f11-ab2d-dc6ecdc501a1','ACTIVE');
Insert into PROJECT_START_APP_REL_TBL (PROJECT_START_APP_REL_ID,ADMIN_AREA_PROJECT_REL_ID,START_APPLICATION_ID,STATUS) values ('e12774c0-b0b4-42b0-958c-881df728f675','5f1d713c-5aaa-46c4-92ca-4d8d62036acb','0c02362f-b09e-4d25-88af-31d09bbacf2b','ACTIVE');
Insert into PROJECT_START_APP_REL_TBL (PROJECT_START_APP_REL_ID,ADMIN_AREA_PROJECT_REL_ID,START_APPLICATION_ID,STATUS) values ('9d2e5874-c932-416e-9480-6bab26d1e6ab','c1ac9686-fb58-493e-86de-4dc43caa9a0a','71879687-c73c-431d-8355-5a9ac63686af','ACTIVE');
Insert into PROJECT_START_APP_REL_TBL (PROJECT_START_APP_REL_ID,ADMIN_AREA_PROJECT_REL_ID,START_APPLICATION_ID,STATUS) values ('6afc6e03-11f2-43ab-8d05-ce231616bb87','c1ac9686-fb58-493e-86de-4dc43caa9a0a','4f56a0a1-e68d-4890-abd3-dee26cd9f825','ACTIVE');
Insert into PROJECT_START_APP_REL_TBL (PROJECT_START_APP_REL_ID,ADMIN_AREA_PROJECT_REL_ID,START_APPLICATION_ID,STATUS) values ('66289aa2-887a-4633-9457-fd35cc73fe3e','f9e2e9b9-daf7-4bff-ab2f-f4cbc1171b96','6962f593-63c2-47b7-be28-94d5a4cb2950','ACTIVE');
Insert into PROJECT_START_APP_REL_TBL (PROJECT_START_APP_REL_ID,ADMIN_AREA_PROJECT_REL_ID,START_APPLICATION_ID,STATUS) values ('e004d9e8-9bbb-406c-b1d1-3c3886be37a2','f9e2e9b9-daf7-4bff-ab2f-f4cbc1171b96','b4c38901-137c-479b-b752-09a64a670608','ACTIVE');
Insert into PROJECT_START_APP_REL_TBL (PROJECT_START_APP_REL_ID,ADMIN_AREA_PROJECT_REL_ID,START_APPLICATION_ID,STATUS) values ('55285ccf-b870-49b0-bd2f-29dd259806fe','f9e2e9b9-daf7-4bff-ab2f-f4cbc1171b96','71879687-c73c-431d-8355-5a9ac63686af','ACTIVE');
Insert into PROJECT_START_APP_REL_TBL (PROJECT_START_APP_REL_ID,ADMIN_AREA_PROJECT_REL_ID,START_APPLICATION_ID,STATUS) values ('31903629-ea12-4741-8699-2631a6ffebb6','f9e2e9b9-daf7-4bff-ab2f-f4cbc1171b96','4f56a0a1-e68d-4890-abd3-dee26cd9f825','ACTIVE');
Insert into PROJECT_START_APP_REL_TBL (PROJECT_START_APP_REL_ID,ADMIN_AREA_PROJECT_REL_ID,START_APPLICATION_ID,STATUS) values ('9f2a9322-562c-4a6d-8fc4-13f32d7bb362','7f8a6b79-0206-4b6f-802c-9eb61ec6162f','4acf3996-0511-4f11-ab2d-dc6ecdc501a1','ACTIVE');
Insert into PROJECT_START_APP_REL_TBL (PROJECT_START_APP_REL_ID,ADMIN_AREA_PROJECT_REL_ID,START_APPLICATION_ID,STATUS) values ('8754ccbf-a943-4e11-a15c-7728a8138e05','7f8a6b79-0206-4b6f-802c-9eb61ec6162f','0c02362f-b09e-4d25-88af-31d09bbacf2b','ACTIVE');
Insert into PROJECT_START_APP_REL_TBL (PROJECT_START_APP_REL_ID,ADMIN_AREA_PROJECT_REL_ID,START_APPLICATION_ID,STATUS) values ('4f992258-ee6f-413c-8de0-6921502e82b7','5e3244c5-7603-459b-99cd-31acaa019819','71879687-c73c-431d-8355-5a9ac63686af','ACTIVE');
Insert into PROJECT_START_APP_REL_TBL (PROJECT_START_APP_REL_ID,ADMIN_AREA_PROJECT_REL_ID,START_APPLICATION_ID,STATUS) values ('9540149a-942a-4509-a35c-2d0b792ab37f','5e3244c5-7603-459b-99cd-31acaa019819','4f56a0a1-e68d-4890-abd3-dee26cd9f825','ACTIVE');
Insert into PROJECT_START_APP_REL_TBL (PROJECT_START_APP_REL_ID,ADMIN_AREA_PROJECT_REL_ID,START_APPLICATION_ID,STATUS) values ('0b7fbdec-d624-4808-8218-38fad9844124','4a0a19ff-a694-479f-b016-6007bc9bb3ef','6962f593-63c2-47b7-be28-94d5a4cb2950','ACTIVE');
Insert into PROJECT_START_APP_REL_TBL (PROJECT_START_APP_REL_ID,ADMIN_AREA_PROJECT_REL_ID,START_APPLICATION_ID,STATUS) values ('2461e746-227d-4b1e-a8f2-2ec765d72271','4a0a19ff-a694-479f-b016-6007bc9bb3ef','b4c38901-137c-479b-b752-09a64a670608','ACTIVE');

REM INSERTING into USER_PROJECT_REL_TBL
SET DEFINE OFF;
Insert into USER_PROJECT_REL_TBL (USER_PROJECT_REL_ID,USER_ID,PROJECT_ID,PROJECT_EXPIRY_DAYS,STATUS) values ('162995c6-3b59-4728-9396-e22e354afdaf','D64227C2-7FDF-4C01-8C29-C61DC69F27A8','3FF595F9-6B62-4B9E-BB2C-4EE858855A97','182','ACTIVE');
Insert into USER_PROJECT_REL_TBL (USER_PROJECT_REL_ID,USER_ID,PROJECT_ID,PROJECT_EXPIRY_DAYS,STATUS) values ('aa86ff1f-af07-48f8-888f-99bf0303dcff','D64227C2-7FDF-4C01-8C29-C61DC69F27A8','9A5ACCC2-0157-484E-B16B-59A82D4512BF','182','ACTIVE');
Insert into USER_PROJECT_REL_TBL (USER_PROJECT_REL_ID,USER_ID,PROJECT_ID,PROJECT_EXPIRY_DAYS,STATUS) values ('5ca0b497-f1c9-47b0-954f-3a12481ee70d','D64228C2-7FFE-4E01-9C29-D71EC69F27B9','E70378BB-DA07-43C0-8DDB-EDFB3E2CA65C','182','ACTIVE');
Insert into USER_PROJECT_REL_TBL (USER_PROJECT_REL_ID,USER_ID,PROJECT_ID,PROJECT_EXPIRY_DAYS,STATUS) values ('289becc5-98b1-491c-9a11-dad4cd70f1d7','D64228C2-7FFE-4E01-9C29-D71EC69F27B9','3A7F72FA-D251-43E6-9A46-2A3F6A328D59','182','ACTIVE');
Insert into USER_PROJECT_REL_TBL (USER_PROJECT_REL_ID,USER_ID,PROJECT_ID,PROJECT_EXPIRY_DAYS,STATUS) values ('f85770ee-8ed2-43de-b990-54ae151acf11','D64228C2-7FFE-4E01-9C29-D71EC69F27B9','B8669DD1-F137-4915-9E7A-51EBBCD099F6','182','ACTIVE');
Insert into USER_PROJECT_REL_TBL (USER_PROJECT_REL_ID,USER_ID,PROJECT_ID,PROJECT_EXPIRY_DAYS,STATUS) values ('7d587ac4-b8b7-4c3e-8c3b-32703973ef55','D64228C2-7FFE-4E01-9C29-D71EC69F27B9','69D5AE60-4502-48BD-AF89-FAA360426B2B','182','ACTIVE');

REM INSERTING into USER_USER_APP_REL_TBL
SET DEFINE OFF;
Insert into USER_USER_APP_REL_TBL (USER_USER_APP_REL_ID,USER_ID,SITE_ADMIN_AREA_REL_ID,USER_APPLICATION_ID,USER_REL_TYPE) values ('2d6d579f-d51f-4b69-9104-5740ac4946ae','D64227C2-7FDF-4C01-8C29-C61DC69F27A8','c59d6808-9869-44ef-8245-e622740b8cd8','324b577e-f930-4725-92af-4e4790f0c394','ALLOWED');
Insert into USER_USER_APP_REL_TBL (USER_USER_APP_REL_ID,USER_ID,SITE_ADMIN_AREA_REL_ID,USER_APPLICATION_ID,USER_REL_TYPE) values ('26c2de42-e8f7-4cd7-a7b5-4fd78f89255b','D64227C2-7FDF-4C01-8C29-C61DC69F27A8','c59d6808-9869-44ef-8245-e622740b8cd8','2af842e1-446a-42d0-8ebb-8612df8b550b','NOTALLOWED');
Insert into USER_USER_APP_REL_TBL (USER_USER_APP_REL_ID,USER_ID,SITE_ADMIN_AREA_REL_ID,USER_APPLICATION_ID,USER_REL_TYPE) values ('ab5166d0-7a6b-45e1-89e4-480d88888b6e','D64227C2-7FDF-4C01-8C29-C61DC69F27A8','8a3421e9-8746-4637-99cb-0a324c40777f','a6399fa4-b852-46ef-ae89-ed58aec0f79d','ALLOWED');
Insert into USER_USER_APP_REL_TBL (USER_USER_APP_REL_ID,USER_ID,SITE_ADMIN_AREA_REL_ID,USER_APPLICATION_ID,USER_REL_TYPE) values ('7e769218-7472-4994-b3ad-30859c4b590e','D64227C2-7FDF-4C01-8C29-C61DC69F27A8','8a3421e9-8746-4637-99cb-0a324c40777f','324b577e-f930-4725-92af-4e4790f0c394','NOTALLOWED');
Insert into USER_USER_APP_REL_TBL (USER_USER_APP_REL_ID,USER_ID,SITE_ADMIN_AREA_REL_ID,USER_APPLICATION_ID,USER_REL_TYPE) values ('8eeae3fa-adca-4c77-91f7-94bb827d32c9','D64227C2-7FDF-4C01-8C29-C61DC69F27A8','a8d5bbdb-c194-4176-9833-da2927f4cd85','559940f3-615f-4ba5-9a03-2ac855394ee5','ALLOWED');
Insert into USER_USER_APP_REL_TBL (USER_USER_APP_REL_ID,USER_ID,SITE_ADMIN_AREA_REL_ID,USER_APPLICATION_ID,USER_REL_TYPE) values ('1088045b-7f12-4482-bfff-09c1eb4d2f3d','D64227C2-7FDF-4C01-8C29-C61DC69F27A8','a8d5bbdb-c194-4176-9833-da2927f4cd85','afc9b4ae-0e8a-4134-8e95-ef2ea0737637','ALLOWED');
Insert into USER_USER_APP_REL_TBL (USER_USER_APP_REL_ID,USER_ID,SITE_ADMIN_AREA_REL_ID,USER_APPLICATION_ID,USER_REL_TYPE) values ('9cb3a7e8-8578-4683-90f7-99d107a9225d','D64227C2-7FDF-4C01-8C29-C61DC69F27A8','057950f2-83c2-42a2-adb8-9ce183b9e724','afc9b4ae-0e8a-4134-8e95-ef2ea0737637','ALLOWED');
Insert into USER_USER_APP_REL_TBL (USER_USER_APP_REL_ID,USER_ID,SITE_ADMIN_AREA_REL_ID,USER_APPLICATION_ID,USER_REL_TYPE) values ('1c86d534-23b2-4f41-86cf-537de8045d9a','D64227C2-7FDF-4C01-8C29-C61DC69F27A8','057950f2-83c2-42a2-adb8-9ce183b9e724','77528113-96b2-404a-b613-acd10357fb96','ALLOWED');
Insert into USER_USER_APP_REL_TBL (USER_USER_APP_REL_ID,USER_ID,SITE_ADMIN_AREA_REL_ID,USER_APPLICATION_ID,USER_REL_TYPE) values ('875425d6-d33b-4241-ac6c-7f05dbdc5d50','D64227C2-7FDF-4C01-8C29-C61DC69F27A8','057950f2-83c2-42a2-adb8-9ce183b9e724','e25682e7-c660-442f-95b6-9c31a59f87f3','NOTALLOWED');
Insert into USER_USER_APP_REL_TBL (USER_USER_APP_REL_ID,USER_ID,SITE_ADMIN_AREA_REL_ID,USER_APPLICATION_ID,USER_REL_TYPE) values ('77ffd053-ceac-490d-90bf-10f510fbe231','D64228C2-7FFE-4E01-9C29-D71EC69F27B9','c59d6808-9869-44ef-8245-e622740b8cd8','2af842e1-446a-42d0-8ebb-8612df8b550b','ALLOWED');
Insert into USER_USER_APP_REL_TBL (USER_USER_APP_REL_ID,USER_ID,SITE_ADMIN_AREA_REL_ID,USER_APPLICATION_ID,USER_REL_TYPE) values ('d8a88aa2-2f44-477c-8fb0-7124792dfc91','D64228C2-7FFE-4E01-9C29-D71EC69F27B9','c59d6808-9869-44ef-8245-e622740b8cd8','a6399fa4-b852-46ef-ae89-ed58aec0f79d','ALLOWED');
Insert into USER_USER_APP_REL_TBL (USER_USER_APP_REL_ID,USER_ID,SITE_ADMIN_AREA_REL_ID,USER_APPLICATION_ID,USER_REL_TYPE) values ('bee8b1f3-2769-47fc-979d-46a49d4d8250','D64228C2-7FFE-4E01-9C29-D71EC69F27B9','c59d6808-9869-44ef-8245-e622740b8cd8','324b577e-f930-4725-92af-4e4790f0c394','NOTALLOWED');
Insert into USER_USER_APP_REL_TBL (USER_USER_APP_REL_ID,USER_ID,SITE_ADMIN_AREA_REL_ID,USER_APPLICATION_ID,USER_REL_TYPE) values ('2b84fab3-ef7e-44d9-b222-853ee9891167','D64228C2-7FFE-4E01-9C29-D71EC69F27B9','8a3421e9-8746-4637-99cb-0a324c40777f','e25682e7-c660-442f-95b6-9c31a59f87f3','ALLOWED');
Insert into USER_USER_APP_REL_TBL (USER_USER_APP_REL_ID,USER_ID,SITE_ADMIN_AREA_REL_ID,USER_APPLICATION_ID,USER_REL_TYPE) values ('dd38f248-2e4a-4ad5-a039-cec99ea73ac1','D64228C2-7FFE-4E01-9C29-D71EC69F27B9','a8d5bbdb-c194-4176-9833-da2927f4cd85','afc9b4ae-0e8a-4134-8e95-ef2ea0737637','ALLOWED');
Insert into USER_USER_APP_REL_TBL (USER_USER_APP_REL_ID,USER_ID,SITE_ADMIN_AREA_REL_ID,USER_APPLICATION_ID,USER_REL_TYPE) values ('e039f709-e0fc-4cd2-b65e-681964beda31','D64228C2-7FFE-4E01-9C29-D71EC69F27B9','a8d5bbdb-c194-4176-9833-da2927f4cd85','e25682e7-c660-442f-95b6-9c31a59f87f3','NOTALLOWED');
Insert into USER_USER_APP_REL_TBL (USER_USER_APP_REL_ID,USER_ID,SITE_ADMIN_AREA_REL_ID,USER_APPLICATION_ID,USER_REL_TYPE) values ('63e310f7-793e-4aad-9668-170f5f4c296a','D64228C2-7FFE-4E01-9C29-D71EC69F27B9','a8d5bbdb-c194-4176-9833-da2927f4cd85','77528113-96b2-404a-b613-acd10357fb96','NOTALLOWED');
Insert into USER_USER_APP_REL_TBL (USER_USER_APP_REL_ID,USER_ID,SITE_ADMIN_AREA_REL_ID,USER_APPLICATION_ID,USER_REL_TYPE) values ('bee9c0b1-b871-4666-9649-67035f88438a','D64228C2-7FFE-4E01-9C29-D71EC69F27B9','057950f2-83c2-42a2-adb8-9ce183b9e724','e25682e7-c660-442f-95b6-9c31a59f87f3','ALLOWED');
Insert into USER_USER_APP_REL_TBL (USER_USER_APP_REL_ID,USER_ID,SITE_ADMIN_AREA_REL_ID,USER_APPLICATION_ID,USER_REL_TYPE) values ('8892ee4e-edac-4da1-9669-e0660a2fc366','D64228C2-7FFE-4E01-9C29-D71EC69F27B9','057950f2-83c2-42a2-adb8-9ce183b9e724','559940f3-615f-4ba5-9a03-2ac855394ee5','ALLOWED');
Insert into USER_USER_APP_REL_TBL (USER_USER_APP_REL_ID,USER_ID,SITE_ADMIN_AREA_REL_ID,USER_APPLICATION_ID,USER_REL_TYPE) values ('5f35412c-4de6-46c4-99e6-34f732e309fc','D64228C2-7FFE-4E01-9C29-D71EC69F27B9','057950f2-83c2-42a2-adb8-9ce183b9e724','324b577e-f930-4725-92af-4e4790f0c394','NOTALLOWED');
Insert into USER_USER_APP_REL_TBL (USER_USER_APP_REL_ID,USER_ID,SITE_ADMIN_AREA_REL_ID,USER_APPLICATION_ID,USER_REL_TYPE) values ('c74bf856-3e30-46d5-8cff-8b4959548b40','D64228C2-7FFE-4E01-9C29-D71EC69F27B9','78426999-f9d3-439e-a89b-77d2950e3a4a','d43ae193-ce8c-4e68-babc-2f637f543b5c','ALLOWED');
Insert into USER_USER_APP_REL_TBL (USER_USER_APP_REL_ID,USER_ID,SITE_ADMIN_AREA_REL_ID,USER_APPLICATION_ID,USER_REL_TYPE) values ('0fe16b49-e9b4-4286-a98b-889cf6229702','D64228C2-7FFE-4E01-9C29-D71EC69F27B9','78426999-f9d3-439e-a89b-77d2950e3a4a','a6399fa4-b852-46ef-ae89-ed58aec0f79d','ALLOWED');
Insert into USER_USER_APP_REL_TBL (USER_USER_APP_REL_ID,USER_ID,SITE_ADMIN_AREA_REL_ID,USER_APPLICATION_ID,USER_REL_TYPE) values ('77e0bc68-077f-4ebf-99b8-615198208520','D64228C2-7FFE-4E01-9C29-D71EC69F27B9','78426999-f9d3-439e-a89b-77d2950e3a4a','324b577e-f930-4725-92af-4e4790f0c394','NOTALLOWED');

REM INSERTING into USER_PROJ_APP_REL_TBL
SET DEFINE OFF;
Insert into USER_PROJ_APP_REL_TBL (USER_PROJ_APP_REL_ID,USER_PROJECT_REL_ID,ADMIN_AREA_PROJECT_REL_ID,PROJECT_APPLICATION_ID,USER_REL_TYPE) values ('8943f206-1847-49b1-979d-bf2545545063','5ca0b497-f1c9-47b0-954f-3a12481ee70d','fb768f88-d29f-4089-a93a-7af2fa794676','a9817536-a853-4369-b76b-b99072634d41','ALLOWED');
Insert into USER_PROJ_APP_REL_TBL (USER_PROJ_APP_REL_ID,USER_PROJECT_REL_ID,ADMIN_AREA_PROJECT_REL_ID,PROJECT_APPLICATION_ID,USER_REL_TYPE) values ('33adde0b-11df-4fc3-ad45-02c4ffd3a859','5ca0b497-f1c9-47b0-954f-3a12481ee70d','fb768f88-d29f-4089-a93a-7af2fa794676','f8433dd6-5b17-4b5f-ba3c-82d05888b7c7','NOTALLOWED');
Insert into USER_PROJ_APP_REL_TBL (USER_PROJ_APP_REL_ID,USER_PROJECT_REL_ID,ADMIN_AREA_PROJECT_REL_ID,PROJECT_APPLICATION_ID,USER_REL_TYPE) values ('a78c681e-9a9b-457e-859f-fc65d1a1abc7','5ca0b497-f1c9-47b0-954f-3a12481ee70d','fb768f88-d29f-4089-a93a-7af2fa794676','fb92e86a-7e73-4f2d-8c70-77264214591c','ALLOWED');
Insert into USER_PROJ_APP_REL_TBL (USER_PROJ_APP_REL_ID,USER_PROJECT_REL_ID,ADMIN_AREA_PROJECT_REL_ID,PROJECT_APPLICATION_ID,USER_REL_TYPE) values ('9e2bcff2-f6be-4015-a46a-0c7eac6431fd','5ca0b497-f1c9-47b0-954f-3a12481ee70d','fb768f88-d29f-4089-a93a-7af2fa794676','d6a5b8f1-e397-489d-8e11-29a70a02278a','NOTALLOWED');
Insert into USER_PROJ_APP_REL_TBL (USER_PROJ_APP_REL_ID,USER_PROJECT_REL_ID,ADMIN_AREA_PROJECT_REL_ID,PROJECT_APPLICATION_ID,USER_REL_TYPE) values ('de0a9eb4-cf4f-4302-92f6-8b9b23bbc75f','289becc5-98b1-491c-9a11-dad4cd70f1d7','477458d7-8ee2-439d-9cfb-715e006ba09b','950303ab-960e-4309-a58a-7ebb3c57a8d2','ALLOWED');
Insert into USER_PROJ_APP_REL_TBL (USER_PROJ_APP_REL_ID,USER_PROJECT_REL_ID,ADMIN_AREA_PROJECT_REL_ID,PROJECT_APPLICATION_ID,USER_REL_TYPE) values ('995a89be-0b77-41ac-aff6-265e694688bb','289becc5-98b1-491c-9a11-dad4cd70f1d7','477458d7-8ee2-439d-9cfb-715e006ba09b','c00dc0cc-570b-4438-9734-d21cd6a3b141','NOTALLOWED');
Insert into USER_PROJ_APP_REL_TBL (USER_PROJ_APP_REL_ID,USER_PROJECT_REL_ID,ADMIN_AREA_PROJECT_REL_ID,PROJECT_APPLICATION_ID,USER_REL_TYPE) values ('88e3a7b4-e456-4918-9dc4-a6d4afce64c8','f85770ee-8ed2-43de-b990-54ae151acf11','5f1d713c-5aaa-46c4-92ca-4d8d62036acb','784012e5-3331-4df3-aa05-f27b83a68187','ALLOWED');
Insert into USER_PROJ_APP_REL_TBL (USER_PROJ_APP_REL_ID,USER_PROJECT_REL_ID,ADMIN_AREA_PROJECT_REL_ID,PROJECT_APPLICATION_ID,USER_REL_TYPE) values ('0c596fbc-3f32-4ab0-944c-81bf7d8eb599','162995c6-3b59-4728-9396-e22e354afdaf','d317f43d-eb7b-4435-a314-df2df5f22dde','950303ab-960e-4309-a58a-7ebb3c57a8d2','ALLOWED');
Insert into USER_PROJ_APP_REL_TBL (USER_PROJ_APP_REL_ID,USER_PROJECT_REL_ID,ADMIN_AREA_PROJECT_REL_ID,PROJECT_APPLICATION_ID,USER_REL_TYPE) values ('276c9ce6-4fde-4a0c-8eff-e6dc1d15d7c6','162995c6-3b59-4728-9396-e22e354afdaf','d317f43d-eb7b-4435-a314-df2df5f22dde','fb92e86a-7e73-4f2d-8c70-77264214591c','ALLOWED');
Insert into USER_PROJ_APP_REL_TBL (USER_PROJ_APP_REL_ID,USER_PROJECT_REL_ID,ADMIN_AREA_PROJECT_REL_ID,PROJECT_APPLICATION_ID,USER_REL_TYPE) values ('db47b3ee-f969-42fe-8058-c22b3e59e3ed','162995c6-3b59-4728-9396-e22e354afdaf','d317f43d-eb7b-4435-a314-df2df5f22dde','d6a5b8f1-e397-489d-8e11-29a70a02278a','NOTALLOWED');
Insert into USER_PROJ_APP_REL_TBL (USER_PROJ_APP_REL_ID,USER_PROJECT_REL_ID,ADMIN_AREA_PROJECT_REL_ID,PROJECT_APPLICATION_ID,USER_REL_TYPE) values ('8ddede70-9aab-4f78-961f-cd8af78647b1','162995c6-3b59-4728-9396-e22e354afdaf','d317f43d-eb7b-4435-a314-df2df5f22dde','a9817536-a853-4369-b76b-b99072634d41','NOTALLOWED');
Insert into USER_PROJ_APP_REL_TBL (USER_PROJ_APP_REL_ID,USER_PROJECT_REL_ID,ADMIN_AREA_PROJECT_REL_ID,PROJECT_APPLICATION_ID,USER_REL_TYPE) values ('27b17b21-1b2f-4abe-8fc9-3212ff9869f2','aa86ff1f-af07-48f8-888f-99bf0303dcff','a16e09bc-0adf-43f7-9e0f-dc1688e7e766','784012e5-3331-4df3-aa05-f27b83a68187','ALLOWED');
Insert into USER_PROJ_APP_REL_TBL (USER_PROJ_APP_REL_ID,USER_PROJECT_REL_ID,ADMIN_AREA_PROJECT_REL_ID,PROJECT_APPLICATION_ID,USER_REL_TYPE) values ('8204335f-1440-40c7-928b-1be60eae02a5','aa86ff1f-af07-48f8-888f-99bf0303dcff','a16e09bc-0adf-43f7-9e0f-dc1688e7e766','c00dc0cc-570b-4438-9734-d21cd6a3b141','ALLOWED');
Insert into USER_PROJ_APP_REL_TBL (USER_PROJ_APP_REL_ID,USER_PROJECT_REL_ID,ADMIN_AREA_PROJECT_REL_ID,PROJECT_APPLICATION_ID,USER_REL_TYPE) values ('f6454686-cdba-4699-accd-dd2a2bd6a2c2','aa86ff1f-af07-48f8-888f-99bf0303dcff','a16e09bc-0adf-43f7-9e0f-dc1688e7e766','fb92e86a-7e73-4f2d-8c70-77264214591c','NOTALLOWED');
Insert into USER_PROJ_APP_REL_TBL (USER_PROJ_APP_REL_ID,USER_PROJECT_REL_ID,ADMIN_AREA_PROJECT_REL_ID,PROJECT_APPLICATION_ID,USER_REL_TYPE) values ('9549670f-2010-44c1-8127-a812a80557c2','aa86ff1f-af07-48f8-888f-99bf0303dcff','a16e09bc-0adf-43f7-9e0f-dc1688e7e766','950303ab-960e-4309-a58a-7ebb3c57a8d2','NOTALLOWED');
Insert into USER_PROJ_APP_REL_TBL (USER_PROJ_APP_REL_ID,USER_PROJECT_REL_ID,ADMIN_AREA_PROJECT_REL_ID,PROJECT_APPLICATION_ID,USER_REL_TYPE) values ('def07496-febc-4eab-bf9c-efe884eb6c2e','aa86ff1f-af07-48f8-888f-99bf0303dcff','6031edbc-afa8-4733-870a-1a1335953299','7842bce6-ddc1-4b3c-ab36-b574751fce56','ALLOWED');
Insert into USER_PROJ_APP_REL_TBL (USER_PROJ_APP_REL_ID,USER_PROJECT_REL_ID,ADMIN_AREA_PROJECT_REL_ID,PROJECT_APPLICATION_ID,USER_REL_TYPE) values ('d9df0b95-a7bc-410f-b764-020985daf4d8','aa86ff1f-af07-48f8-888f-99bf0303dcff','6031edbc-afa8-4733-870a-1a1335953299','a9817536-a853-4369-b76b-b99072634d41','NOTALLOWED');

REM INSERTING into USER_START_APP_REL_TBL
SET DEFINE OFF;
Insert into USER_START_APP_REL_TBL (USER_START_APP_REL_ID,USER_ID,START_APPLICATION_ID,STATUS) values ('2168a38f-0481-4479-937b-3b218d1e2571','D64227C2-7FDF-4C01-8C29-C61DC69F27A8','4acf3996-0511-4f11-ab2d-dc6ecdc501a1','ACTIVE');
Insert into USER_START_APP_REL_TBL (USER_START_APP_REL_ID,USER_ID,START_APPLICATION_ID,STATUS) values ('d08269bb-cdb7-4fc6-a6c0-a7f554e09baf','D64227C2-7FDF-4C01-8C29-C61DC69F27A8','0c02362f-b09e-4d25-88af-31d09bbacf2b','ACTIVE');
Insert into USER_START_APP_REL_TBL (USER_START_APP_REL_ID,USER_ID,START_APPLICATION_ID,STATUS) values ('383c8cac-13d6-4e68-9f7e-9ec0e06f31f6','D64228C2-7FFE-4E01-9C29-D71EC69F27B9','71879687-c73c-431d-8355-5a9ac63686af','ACTIVE');
Insert into USER_START_APP_REL_TBL (USER_START_APP_REL_ID,USER_ID,START_APPLICATION_ID,STATUS) values ('f3ff752c-6b9f-49c2-8b3a-da69f571c38d','D64228C2-7FFE-4E01-9C29-D71EC69F27B9','6962f593-63c2-47b7-be28-94d5a4cb2950','ACTIVE');
Insert into USER_START_APP_REL_TBL (USER_START_APP_REL_ID,USER_ID,START_APPLICATION_ID,STATUS) values ('38f0ef84-6702-43d4-ae3a-a9d1e2729234','D64228C2-7FFE-4E01-9C29-D71EC69F27B9','b4c38901-137c-479b-b752-09a64a670608','ACTIVE');

COMMIT;